{
  "camera_matrix": {
    "fx": 1878.2800470396667,
    "fy": 1879.5601422405318,
    "cx": 1881.31419131152,
    "cy": 1038.1462286017434,
    "data": [
      [
        1878.2800470396667,
        0.0,
        1881.31419131152
      ],
      [
        0.0,
        1879.5601422405318,
        1038.1462286017434
      ],
      [
        0.0,
        0.0,
        1.0
      ]
    ]
  },
  "distortion_coefficients": {
    "k1": -0.02308495561994163,
    "k2": -0.005015110483243928,
    "k3": 0.01566360127673815,
    "k4": -0.009382933922891567,
    "data": [
      -0.02308495561994163,
      -0.005015110483243928,
      0.01566360127673815,
      -0.009382933922891567
    ]
  },
  "image_size": {
    "width": 3848,
    "height": 2168
  },
  "distortion_model": "fisheye",
  "checkerboard_size": [
    10,
    6
  ],
  "square_size_mm": 75.0,
  "num_images": 50,
  "mean_reprojection_error_pixels": 0.2524483166559312
}