{
  "rectified_intrinsics": {
    "fx": 1655.2066956340523,
    "fy": 1656.334760722568,
    "cx": 1819.2548585234283,
    "cy": 1019.9403399106654,
    "matrix": [
      [
        1655.2066956340523,
        0.0,
        1819.2548585234283
      ],
      [
        0.0,
        1656.334760722568,
        1019.9403399106654
      ],
      [
        0.0,
        0.0,
        1.0
      ]
    ]
  },
  "image_size": {
    "width": 3848,
    "height": 2168
  },
  "projection_matrix": {
    "P": [
      [
        1655.2066956340523,
        0.0,
        1819.2548585234283,
        0.0
      ],
      [
        0.0,
        1656.334760722568,
        1019.9403399106654,
        0.0
      ],
      [
        0.0,
        0.0,
        1.0,
        0.0
      ]
    ],
    "note": "3x4 projection matrix for 3D detection (P = K * [R|t])"
  },
  "camera_model": "pinhole_rectified",
  "note": "Rectified from fisheye. Distortion removed, can use standard pinhole projection.",
  "original_fisheye_intrinsics": {
    "fx": 1878.2800470396667,
    "fy": 1879.5601422405318,
    "cx": 1881.31419131152,
    "cy": 1038.1462286017434,
    "matrix": [
      [
        1878.2800470396667,
        0.0,
        1881.31419131152
      ],
      [
        0.0,
        1879.5601422405318,
        1038.1462286017434
      ],
      [
        0.0,
        0.0,
        1.0
      ]
    ]
  }
}